{
  "input_dim": 442,
  "num_classes": 21,
  "d_model": 256,
  "n_heads": 8,
  "n_layers": 6,
  "dim_ff": 1024,
  "dropout": 0.15,
  "max_seq_len": 80,
  "best_val_loss": 0.6062446560838847,
  "best_val_acc": 0.9994538503549972,
  "epoca": 58
}